MailAddress__c,Comments__c,Level__c,LastName__c,FirstName__c,TelephoneNumber__c,Status__c,
el-Rashed@Sliprot.net,,Beginner,Sliprot,el-Rashed,2543526499,,el-Rashed@Sliprot.net
Oriphone@Loppyt.net,,Intermediate,Loppyt,Oriphone,2543526500,,Oriphone@Loppyt.net
el-Ismael@Mimmam.net,,Advanced,Mimmam,el-Ismael,2543526501,,el-Ismael@Mimmam.net
Lagenaria@Claikick.net,,Advanced,Claikick,Lagenaria,2543526502,,Lagenaria@Claikick.net
Lagenaria@Gnibnast.net,,Beginner,Gnibnast,Lagenaria,2543526503,,Lagenaria@Gnibnast.net
Gentiana@Libnavir.net,,Intermediate,Libnavir,Gentiana,2543526504,,Gentiana@Libnavir.net
el-Idris@Clognugat.net,,Advanced,Clognugat,el-Idris,2543526505,,el-Idris@Clognugat.net
el-Niazi@Codimjat.net,,Advanced,Codimjat,el-Niazi,2543526506,,el-Niazi@Codimjat.net
Birchis@Celinkkat.net,,Intermediate,Celinkkat,Birchis,2543526507,,Birchis@Celinkkat.net
Flaxoris@Babeddweem.net,,Intermediate,Babeddweem,Flaxoris,2543526508,,Flaxoris@Babeddweem.net
Koq@Musaaid.net,,Beginner,Musaaid ,Koq,2543526509,,Koq@Musaaid .net
Koz@Labeeb.net,,Intermediate,Labeeb ,Koz,2543526510,,Koz@Labeeb .net
el-Begum@Aadil.net,,Advanced,Aadil ,el-Begum,2543526511,,el-Begum@Aadil .net
Gukkux@Najeem.net,,Advanced,Najeem ,Gukkux,2543526512,,Gukkux@Najeem .net
Jathouq@Hamdi.net,,Beginner,Hamdi ,Jathouq,2543526513,,Jathouq@Hamdi .net
Khobrux@Jawhar.net,,Intermediate,Jawhar ,Khobrux,2543526514,,Khobrux@Jawhar .net
Plaguegazer@Saalih.net,,Advanced,Saalih,Plaguegazer,2543526515,,Plaguegazer@Saalih.net
Maisoon@el-Hashim.net,,Advanced,el-Hashim,Maisoon,2543526516,,Maisoon@el-Hashim.net
"Firemuncher@Jam,Aan .net",,Intermediate,"Jam,Aan ",Firemuncher,2543526517,,"Firemuncher@Jam,Aan .net"
Snowflayer@Helbos.net,,Intermediate,Helbos,Snowflayer,2543526518,,Snowflayer@Helbos.net
Zakeiz@Slanglym.net,,Beginner,Slanglym,Zakeiz,2543526519,,Zakeiz@Slanglym.net
Naileb@Pollmo.net,,Intermediate,Pollmo,Naileb,2543526520,,Naileb@Pollmo.net
Cenaz@Smerkip.net,,Advanced,Smerkip,Cenaz,2543526521,,Cenaz@Smerkip.net
Kriecur@Cadbus.net,,Advanced,Cadbus,Kriecur,2543526522,,Kriecur@Cadbus.net
Traref@Apwuwyck.net,,Beginner,Apwuwyck,Traref,2543526523,,Traref@Apwuwyck.net
Eveningrabbit_Hardteeth@Caglicus.net,,Intermediate,Caglicus,Eveningrabbit Hardteeth,2543526524,,Eveningrabbit Hardteeth@Caglicus.net
Bronzecrown_Faintfeather@Flisebken.net,,Advanced,Flisebken,Bronzecrown Faintfeather,2543526525,,Bronzecrown Faintfeather@Flisebken.net
Magicbunny_Blisstooth@Hidellme.net,,Advanced,Hidellme,Magicbunny Blisstooth,2543526526,,Magicbunny Blisstooth@Hidellme.net
Strongcoyote_Truebones@Bifankky.net,,Intermediate,Bifankky,Strongcoyote Truebones,2543526527,,Strongcoyote Truebones@Bifankky.net
Bonecoat_Silentmane@Jenkins.net,,Intermediate,Jenkins,Bonecoat Silentmane,2543526528,,Bonecoat Silentmane@Jenkins.net
Jafafer@Pabli.net,,Beginner,Pabli,Jafafer,2543526529,,Jafafer@Pabli.net
Edphis@Shalve.net,,Intermediate,Shalve,Edphis,2543526530,,Edphis@Shalve.net
Amentau@Bimwu.net,,Advanced,Bimwu,Amentau,2543526531,,Amentau@Bimwu.net
El-Hashemi@Zudnist.net,,Advanced,Zudnist,El-Hashemi,2543526532,,El-Hashemi@Zudnist.net
Phycelos@Cydwyl.net,,Beginner,Cydwyl,Phycelos,2543526533,,Phycelos@Cydwyl.net
Andoleimon@Glungnagi.net,,Intermediate,Glungnagi,Andoleimon,2543526534,,Andoleimon@Glungnagi.net
Asaretas@Dirwaken.net,,Advanced,Dirwaken,Asaretas,2543526535,,Asaretas@Dirwaken.net
al-Zafar@Slywoglest.net,,Advanced,Slywoglest,al-Zafar,2543526536,,al-Zafar@Slywoglest.net
Havisarathi@Powemdill.net,,Intermediate,Powemdill,Havisarathi,2543526537,,Havisarathi@Powemdill.net
Hasamrunta@Ofegleg.net,,Intermediate,Ofegleg,Hasamrunta,2543526538,,Hasamrunta@Ofegleg.net
Abbinas@Daniel.net,,Beginner,Daniel,Abbinas,2543526539,,Abbinas@Daniel.net
Nenatas@Ye Da.net,,Intermediate,Ye Da,Nenatas,2543526540,,Nenatas@Ye Da.net
Gratog@Liang Jiahao.net,,Advanced,Liang Jiahao,Gratog,2543526541,,Gratog@Liang Jiahao.net
el-Khalili@Chang Wuhan.net,,Advanced,Chang Wuhan,el-Khalili,2543526542,,el-Khalili@Chang Wuhan.net
Lutmohr@Zhong Jie.net,,Beginner,Zhong Jie,Lutmohr,2543526543,,Lutmohr@Zhong Jie.net
Sezog@Zi Lan.net,,Intermediate,Zi Lan,Sezog,2543526544,,Sezog@Zi Lan.net
Wiwlith@Long Wei.net,,Advanced,Long Wei,Wiwlith,2543526545,,Wiwlith@Long Wei.net
Asag@Mo Dong.net,,Advanced,Mo Dong,Asag,2543526546,,Asag@Mo Dong.net
Srazthor@Zhuan Liang.net,,Intermediate,Zhuan Liang,Srazthor,2543526547,,Srazthor@Zhuan Liang.net
Glokos@Kong Xinyi.net,,,Kong Xinyi,Glokos,2543526548,,Glokos@Kong Xinyi.net
Hator@Hao Yuhan.net,,,Hao Yuhan,Hator,2543526549,,Hator@Hao Yuhan.net
Araddius@Lambert.net,,,Lambert,Araddius,2543526550,,Araddius@Lambert.net
